STATE,ST_CASE,VE_TOTAL,VE_FORMS,PVH_INVL,PEDS,PERNOTMVIT,PERMVIT,PERSONS,COUNTY,CITY,DAY,MONTH,YEAR,DAY_WEEK,HOUR,MINUTE,NHS,RUR_URB,FUNC_SYS,RD_OWNER,ROUTE,TWAY_ID,TWAY_ID2,MILEPT,LATITUDE,LONGITUD,SP_JUR,HARM_EV,MAN_COLL,RELJCT1,RELJCT2,TYP_INT,WRK_ZONE,REL_ROAD,LGT_COND,WEATHER1,WEATHER2,WEATHER,SCH_BUS,RAIL,NOT_HOUR,NOT_MIN,ARR_HOUR,ARR_MIN,HOSP_HR,HOSP_MN,CF1,CF2,CF3,FATALS,DRUNK_DR
54,540086,1,1,0,0,0,1,1,77,1690,1,6,2016,4,0,1,0,1,7,1,4,CR-21,,12,39.57529167,-79.774044440000,0,1,0,0,1,1,0,4,2,1,0,1,0,0000000,15,6,17,6,88,88,0,0,0,1,1
54,540087,1,1,0,0,0,1,1,5,2647,2,6,2016,5,1,0,0,1,4,1,3,SR-85,,304,38.03560000,-81.780675000000,0,23,0,0,1,1,0,4,3,1,0,1,0,0000000,1,7,1,8,88,88,0,0,0,1,0
54,540088,1,1,0,0,0,1,1,55,393,4,6,2016,7,10,16,0,1,6,1,4,CR-3,,36,37.49251944,-81.089866670000,0,35,0,0,1,1,0,4,1,1,0,1,0,0000000,10,27,10,45,88,88,0,0,0,1,0
54,540089,1,1,0,0,0,2,2,39,560,5,6,2016,1,4,57,0,2,6,1,3,SR-4,,79,38.50573611,-81.249269440000,0,18,0,0,1,1,0,1,2,2,0,2,0,0000000,5,0,5,30,7,3,0,0,0,1,1
54,540090,1,1,0,0,0,1,1,11,1760,7,6,2016,3,6,43,1,2,1,1,1,I-64,,248,38.44010000,-82.143219440000,0,57,0,0,1,1,0,3,1,1,0,1,0,0000000,6,43,6,57,88,88,0,0,0,1,0
54,540091,1,1,0,0,0,3,3,3,1660,12,6,2016,1,16,0,1,1,1,1,1,I-81,,100,39.43443889,-77.993611110000,0,1,0,0,1,1,0,4,1,1,0,1,0,0000000,15,46,15,53,16,12,0,0,0,2,1
54,540092,1,1,0,0,0,1,1,11,0,13,6,2016,2,14,27,1,2,1,1,1,I-64,,100,38.39240000,-82.425800000000,0,57,0,0,1,1,0,3,1,1,0,1,0,0000000,99,99,99,99,88,88,0,0,0,1,0
54,540093,1,1,0,0,0,2,2,37,1140,15,6,2016,4,22,47,0,1,5,1,4,CR-9/2,,8,39.33360556,-77.761488890000,0,30,0,0,1,1,0,4,2,1,0,1,0,0000000,23,6,23,40,0,43,0,0,0,1,1
54,540094,1,1,0,0,0,1,1,95,0,17,6,2016,6,17,45,0,1,5,1,4,CR-11,,51,39.52778056,-80.821388890000,0,42,0,0,1,1,0,4,1,1,0,1,0,0000000,88,88,88,88,88,88,0,0,0,1,1
54,540095,1,1,0,0,0,2,2,83,285,18,6,2016,7,3,35,1,2,3,1,2,US-33,,81,38.90920000,-79.703208330000,0,35,0,0,1,1,0,4,2,1,0,1,0,0000000,3,42,3,51,4,46,0,0,0,1,0
54,540096,1,1,0,0,0,1,1,89,2141,20,6,2016,2,14,40,0,1,7,1,4,CR-18,,35,37.55030556,-80.962680560000,0,1,0,0,1,1,0,4,1,1,0,1,0,0000000,99,99,99,99,88,88,0,0,0,1,0
54,540097,1,1,0,0,0,2,2,33,1960,26,6,2016,1,11,55,0,2,4,1,3,SR-20,,127,39.27001944,-80.326511110000,0,11,0,0,1,1,0,1,1,1,0,1,0,0000000,12,6,12,21,13,10,0,0,0,1,0
54,540098,1,1,0,0,0,1,1,39,814,28,6,2016,3,23,26,1,1,1,1,1,I-79,,110,38.48193333,-81.462350000000,0,1,0,0,1,1,0,1,2,1,0,1,0,0000000,23,29,23,40,88,88,0,0,0,1,0
54,540099,1,1,0,0,0,1,1,109,1040,28,6,2016,3,20,28,0,1,5,1,4,CR-1 GLEN ROGERS,,69,37.74212778,-81.437755560000,0,1,0,0,1,1,0,1,1,1,0,1,0,0000000,99,99,99,99,99,99,0,0,0,1,0
54,540100,2,2,0,0,0,3,3,19,890,7,6,2016,3,10,59,0,1,5,1,4,CR-8,W MAPLE AVE,49,38.04511389,-81.116238890000,0,12,6,0,1,1,0,1,1,1,0,1,0,0000000,99,99,99,99,88,88,0,0,0,1,0
54,540101,2,2,0,0,0,3,3,31,127,16,6,2016,5,8,0,0,1,5,1,4,CR-29,,33,39.09802778,-78.693780560000,0,12,6,0,1,1,0,1,1,2,0,2,0,0000000,99,99,99,99,99,99,0,0,0,1,0
54,540102,2,2,0,0,0,3,3,17,0,1,6,2016,4,13,9,1,1,3,1,2,US-50,SALEM RD,187,39.29750833,-80.598261110000,0,12,6,0,2,2,0,1,1,1,0,1,0,0000000,99,99,99,99,99,99,0,0,0,1,0
54,540103,2,2,0,0,0,2,2,11,1458,21,6,2016,3,8,45,1,1,3,1,3,SR-2,FRAZIERS LN,135,38.56882500,-82.282000000000,0,12,6,0,2,2,0,1,1,10,0,10,0,0000000,99,99,99,99,88,88,0,0,0,1,0
54,540104,1,1,0,1,1,1,1,39,2412,23,6,2016,5,1,40,1,1,3,1,1,I-77,,780,38.17530000,-81.453819440000,0,8,0,0,1,1,0,2,2,1,0,1,0,0000000,99,99,99,99,88,88,23,0,0,1,0
54,540105,2,2,0,0,0,2,2,39,619,25,6,2016,7,15,0,0,2,4,1,3,SR-62,,72,38.42255556,-81.800727780000,0,12,2,0,1,1,0,1,1,1,0,1,0,0000000,15,7,15,12,15,48,0,0,0,1,0
54,540106,3,3,0,0,0,4,4,75,1210,1,7,2016,6,14,34,1,1,3,1,2,US-219,,93,38.15016111,-80.188819440000,0,12,2,0,1,1,0,1,1,1,0,1,0,0000000,99,99,99,99,99,99,0,0,0,1,0
54,540107,1,1,0,1,1,1,1,39,480,2,7,2016,7,12,36,0,2,4,1,2,US-60,DOOLEY LN,148,38.37451944,-81.665138890000,0,8,0,0,2,3,0,1,1,1,0,1,0,0000000,12,40,12,42,88,88,0,0,0,1,0
54,540108,1,1,0,0,0,2,2,83,1776,2,7,2016,7,22,26,1,1,3,1,2,US-219,,70,38.52393056,-80.039586110000,0,1,0,0,1,1,0,4,2,1,0,1,0,0000000,99,99,99,99,99,99,0,0,0,1,1
54,540109,2,2,0,1,1,4,4,67,249,2,7,2016,7,21,18,0,1,5,1,4,CR-19/40,,9,38.53440556,-80.716952780000,0,8,0,0,1,1,0,1,2,1,0,1,0,0000000,21,22,21,44,88,88,14,0,0,1,0
54,540110,2,2,0,0,0,5,5,39,64,4,7,2016,2,1,31,1,2,3,1,2,US-119,CR-11,77,38.27816667,-81.775080560000,0,12,6,0,2,2,0,1,2,10,0,10,0,0000000,99,99,99,99,99,99,0,0,0,1,0
54,540111,1,1,0,0,0,2,2,53,0,6,7,2016,4,16,47,1,1,3,1,3,SR-2,,15,38.92124167,-81.817566670000,0,1,0,0,1,1,0,4,1,1,0,1,0,0000000,99,99,99,99,99,96,0,0,0,1,0
54,540112,1,1,0,0,0,2,2,79,2890,7,7,2016,5,3,30,0,2,6,1,3,SR-917,,21,38.44594722,-81.843758330000,0,42,0,0,1,1,0,4,3,1,0,1,0,0000000,99,99,99,99,99,99,0,0,0,1,1
54,540113,1,1,0,0,0,4,4,107,2040,20,7,2016,4,4,0,0,2,5,1,4,CR-50/2,,21,39.28526944,-81.510494440000,0,5,0,0,1,1,0,1,2,1,0,1,0,0000000,3,52,4,0,4,29,0,0,0,1,0
54,540114,1,1,0,0,0,1,1,83,1359,8,7,2016,6,23,50,0,1,3,1,2,US-33,,385,38.99201944,-79.835002780000,0,1,0,0,1,1,0,3,2,10,0,10,0,0000000,99,99,99,99,88,88,0,0,0,1,1
54,540115,2,2,0,0,0,4,4,27,2522,20,7,2016,4,18,0,0,1,4,1,3,SR-28,,224,39.42884444,-78.714452780000,0,12,2,0,1,1,0,1,1,1,0,1,0,0000000,99,99,99,99,99,99,0,0,0,1,0
54,540116,1,1,0,0,0,1,1,39,480,23,7,2016,7,15,43,1,2,1,1,1,I-77,,1010,38.35481389,-81.631372220000,0,25,0,0,1,1,0,3,1,1,0,1,0,0000000,88,88,88,88,88,88,0,0,0,1,1
54,540117,1,1,0,0,0,1,1,77,2350,29,7,2016,6,5,21,0,1,4,1,2,US-50,,141,39.29249444,-79.634591670000,0,35,0,0,1,1,0,4,2,2,0,2,0,0000000,99,99,99,99,88,88,0,0,0,1,0
54,540118,1,1,0,0,0,1,1,71,950,31,7,2016,1,5,30,0,1,4,1,4,CR-12,,10,38.68275000,-79.245730560000,0,35,0,0,1,1,0,4,2,1,0,1,0,0000000,88,88,88,88,88,88,0,0,0,1,1
54,540119,2,2,0,0,0,3,3,5,2644,21,7,2016,5,11,50,1,1,3,1,2,US-119,SIX MILE CREEK RD,49,37.99461389,-81.899613890000,0,12,6,0,2,3,0,1,1,1,0,1,0,0000000,11,55,12,6,88,88,0,0,0,1,0
54,540120,1,1,0,0,0,1,1,55,2180,31,7,2016,1,13,23,0,2,5,1,4,CR-7,,48,37.41518611,-81.052327780000,0,42,0,0,1,1,0,4,1,1,0,1,0,0000000,13,14,13,23,88,88,0,0,0,1,0
54,540121,1,1,0,0,0,2,2,1,2682,12,7,2016,3,21,15,0,1,4,1,3,SR-20,,20,39.10237500,-80.206211110000,0,11,0,0,1,1,0,1,2,1,0,1,0,0000000,99,99,99,99,99,99,0,0,0,1,0
54,540122,2,2,0,0,0,2,2,101,600,19,7,2016,3,9,13,0,1,5,1,3,SR-20,,76,38.40952222,-80.556580560000,0,12,6,0,8,1,0,1,1,1,0,1,0,0000000,9,18,9,30,9,43,0,0,0,1,0
54,540123,1,1,0,0,0,1,1,49,0,21,7,2016,5,0,45,1,2,1,1,1,I-79,,1390,39.48902222,-80.089541670000,0,1,0,1,5,1,0,4,2,1,0,1,0,0000000,99,99,99,99,88,88,0,0,0,1,1
54,540124,2,2,0,0,0,4,4,61,1840,29,7,2016,6,20,40,0,2,6,1,2,US-19,LITTLE INDIAN CREEK RD,85,39.60454722,-80.068611110000,0,12,6,0,2,2,0,1,5,1,0,1,0,0000000,99,99,99,99,99,99,0,0,0,1,0
54,540125,2,2,0,0,0,3,3,85,820,28,7,2016,5,13,37,0,1,5,1,3,SR-16,,223,39.31596111,-81.081561110000,0,12,6,0,1,1,0,1,1,2,0,2,0,0000000,99,99,99,99,88,88,0,0,0,2,0
54,540126,1,1,0,0,0,1,1,55,260,2,8,2016,3,6,13,0,2,5,1,3,SR-123,,97,37.28632222,-81.216302780000,0,35,0,0,1,1,0,4,1,1,0,1,0,0000000,99,99,99,99,88,88,0,0,0,1,1
54,540127,1,1,0,0,0,2,2,101,693,3,8,2016,4,11,28,0,1,5,1,3,SR-15,,84,38.51513333,-80.440852780000,0,16,0,0,1,1,0,1,1,1,0,1,0,0000000,99,99,99,99,99,99,0,0,0,1,0
54,540128,1,1,0,0,0,1,1,11,130,5,8,2016,6,4,57,0,2,7,1,4,CR-31/11,,2,38.36071389,-82.248647220000,0,42,0,0,1,1,0,4,2,10,0,10,0,0000000,99,99,99,99,88,88,0,0,0,1,1
54,540129,1,1,0,0,0,1,1,25,2462,9,8,2016,3,6,0,1,1,3,1,1,I-64,,1510,37.86666111,-80.706544440000,0,50,0,0,1,1,0,1,4,1,0,1,0,0000000,99,99,99,99,88,88,0,0,0,1,0
54,540130,1,1,0,0,0,2,2,35,1348,10,8,2016,4,4,1,0,1,7,1,4,CR-19/10,,8,38.64997500,-81.559850000000,0,1,0,0,1,1,0,4,2,1,0,1,0,0000000,99,99,99,99,88,88,0,0,0,1,1
54,540131,1,1,0,0,0,1,1,3,1660,10,8,2016,4,20,37,0,2,4,1,2,US-11,,124,39.45702500,-77.970177780000,0,30,0,0,1,1,0,4,3,1,0,1,0,0000000,20,41,20,48,21,11,0,0,0,1,1
54,540132,1,1,0,0,0,3,3,31,1830,11,8,2016,5,10,56,0,1,4,1,2,US-220,,98,39.01436944,-78.999827780000,0,35,0,0,1,1,0,4,1,1,0,1,0,0000000,10,57,11,7,13,3,19,0,0,1,0
54,540133,1,1,0,1,1,2,2,3,1307,13,8,2016,7,22,50,0,1,4,1,2,US-11,,124,39.36730556,-78.031022220000,0,8,0,0,1,1,0,1,2,1,0,1,0,0000000,88,88,88,88,88,88,20,0,0,1,0
54,540134,1,1,0,0,0,1,1,87,75,13,8,2016,7,6,49,1,1,1,1,1,I-79,,290,38.58588333,-81.197097220000,0,1,0,0,1,1,0,1,1,10,0,10,0,0000000,99,99,99,99,88,88,0,0,0,1,0
54,540135,1,1,0,0,0,1,1,21,1946,13,8,2016,7,22,0,0,1,4,1,2,US-33,,65,38.85090556,-80.939352780000,0,11,0,0,1,1,0,1,2,1,0,1,0,0000000,99,99,99,99,99,99,0,0,0,1,0
54,540136,1,1,0,0,0,1,1,3,1660,12,8,2016,6,16,50,0,1,7,1,6,PENNSYLVANIA AVE,,0,39.46433333,-77.960936110000,0,39,0,0,1,1,0,4,1,1,0,1,0,0000000,99,99,99,99,99,99,0,0,0,1,0
54,540137,1,1,0,1,1,1,1,45,1230,15,8,2016,2,21,55,0,2,6,1,4,CR-18,,20,37.82344444,-82.060055560000,0,8,0,0,1,1,0,1,2,1,0,1,0,0000000,22,4,22,8,22,29,0,0,0,1,0
54,540138,1,1,0,0,0,1,1,47,1326,17,8,2016,4,15,0,0,1,7,1,4,CR-635/1,,4,37.32355556,-81.793672220000,0,1,0,0,1,1,0,4,1,1,0,1,0,0000000,99,99,99,99,88,88,0,0,0,1,0
54,540139,1,1,0,1,1,2,2,109,1511,18,8,2016,5,21,3,0,1,6,1,4,CR-6/2,,44,37.64199167,-81.773197220000,0,8,0,0,1,1,0,1,2,1,0,1,0,0000000,21,15,21,35,99,96,0,0,0,1,0
54,540140,1,1,0,0,0,1,1,99,0,22,8,2016,2,19,15,1,1,3,1,2,US-52,,272,38.12755278,-82.582063890000,0,43,0,0,1,1,0,4,1,1,0,1,0,0000000,99,99,99,99,88,88,0,0,0,1,0
54,540141,1,1,0,0,0,1,1,77,1410,22,8,2016,2,2,10,0,1,7,1,4,CR-92/4,,29,39.48931111,-79.756036110000,0,18,0,0,1,1,0,4,2,1,0,1,0,0000000,2,18,2,27,88,88,0,0,0,1,1
54,540142,1,1,0,0,0,1,1,11,130,24,8,2016,4,12,2,1,2,1,1,1,I-64,,180,38.41686389,-82.281647220000,0,35,0,0,1,1,0,4,1,1,0,1,0,0000000,12,2,12,10,12,35,0,0,0,1,0
54,540143,1,1,0,0,0,1,1,49,840,24,8,2016,4,21,42,0,2,4,1,2,US-19,,108,39.49403611,-80.142761110000,0,1,0,0,1,1,0,1,1,1,0,1,0,0000000,99,99,99,99,99,99,0,0,0,1,1
54,540144,1,1,0,0,0,1,1,81,170,25,8,2016,5,22,8,1,2,1,1,1,I-64,,1230,37.75856944,-81.212908330000,0,50,0,0,1,1,0,3,2,10,0,10,0,0000000,88,88,88,88,88,88,0,0,0,1,0
54,540145,1,1,0,0,0,1,1,33,0,25,8,2016,5,15,0,0,1,4,1,3,SR-20,,297,39.37439722,-80.347841670000,0,35,0,0,1,1,0,4,1,1,0,1,0,0000000,99,99,99,99,88,88,0,0,0,1,0
54,540146,1,1,0,0,0,5,5,3,1660,27,8,2016,7,15,40,1,2,1,1,1,I-81,,132,39.47098056,-77.988486110000,0,42,0,0,1,1,0,4,1,1,0,1,0,0000000,99,99,99,99,99,99,0,0,0,1,0
54,540147,2,2,0,0,0,3,3,83,1955,5,8,2016,6,14,0,0,1,5,1,4,CR-151,,53,38.93742778,-79.965661110000,0,12,6,0,1,1,0,1,1,1,0,1,0,0000000,14,5,14,20,88,88,0,0,0,1,0
54,540148,2,2,0,0,0,3,3,61,1840,9,8,2016,3,12,42,1,2,1,1,1,I-68,,10,39.58079444,-79.964138890000,0,12,1,0,1,1,0,1,1,1,0,1,0,0000000,99,99,99,99,99,99,0,0,0,1,0
54,540149,2,2,0,0,0,2,2,39,1205,10,8,2016,4,17,46,0,1,5,1,3,SR-94,,11,38.18343611,-81.628691670000,0,12,2,0,1,1,0,1,1,1,0,1,0,0000000,99,99,99,99,99,99,0,0,0,1,1
54,540150,2,2,0,0,0,6,6,61,2800,15,8,2016,2,17,35,1,2,3,1,1,I-79,,1550,39.65245000,-80.008583330000,0,12,7,0,1,1,0,1,1,1,0,1,0,0000000,99,99,99,99,99,99,0,0,0,1,0
54,540151,1,1,0,0,0,1,1,39,2149,1,9,2016,5,12,54,0,1,6,1,4,CR-57/6,SPANGLER RD,5,38.31715833,-81.266458330000,0,34,0,0,1,1,0,4,1,1,0,1,0,0000000,12,50,13,10,14,34,0,0,0,1,0
54,540152,1,1,0,0,0,1,1,61,1840,1,9,2016,5,14,44,0,1,5,1,4,CR-73,,47,39.59418056,-79.963194440000,0,35,0,0,1,1,0,4,1,1,0,1,0,0000000,14,44,14,52,88,88,0,0,0,1,0
54,540153,1,1,0,0,0,1,1,107,185,3,9,2016,7,0,1,0,1,5,1,3,SR-68,,26,39.14683056,-81.719608330000,0,32,0,0,1,1,0,4,2,1,0,1,0,0000000,0,3,0,14,88,88,0,0,0,1,1
54,540154,1,1,0,0,0,1,1,27,410,11,9,2016,1,3,40,0,1,4,1,2,US-50,,24,39.29111111,-78.400561110000,0,32,0,0,1,1,0,4,2,1,0,1,0,0000000,99,99,99,99,88,88,0,0,0,1,1
54,540155,1,1,0,0,0,1,1,7,0,14,9,2016,4,9,16,1,1,1,1,1,I-79,,545,38.60983056,-80.828127780000,0,1,0,0,1,1,0,3,1,1,0,1,0,0000000,9,16,99,99,99,99,0,0,0,1,0
54,540156,1,1,0,1,1,1,1,11,1270,15,9,2016,5,17,26,0,2,7,1,6,8TH AVE,22ND ST,0,38.41928889,-82.417900000000,0,8,0,0,2,2,0,1,1,10,0,10,0,0000000,17,31,17,37,17,47,0,0,0,1,0
54,540157,1,1,0,0,0,2,2,23,106,16,9,2016,6,10,50,0,1,5,1,4,CR-5,,81,39.07833056,-79.111111110000,0,42,0,0,1,1,0,4,1,1,0,1,0,0000000,10,6,11,1,99,96,0,0,0,2,0
54,540158,1,1,0,0,0,4,4,77,0,19,9,2016,2,17,48,1,1,1,1,1,I-68,,250,39.66171667,-79.622319440000,0,1,0,0,1,1,0,1,1,1,0,1,0,0000000,99,99,99,99,99,99,0,0,0,2,0
54,540159,1,1,0,0,0,1,1,79,0,23,9,2016,6,17,2,0,1,5,1,4,CR-19,HURRICANE CREEK RD,59,38.44405556,-82.020197220000,0,42,0,0,1,1,0,4,1,1,0,1,0,0000000,99,99,99,99,99,99,0,0,0,1,0
54,540160,1,1,0,0,0,1,1,81,2470,23,9,2016,6,13,35,0,1,7,1,5,E MAIN ST,,0,37.70780833,-81.248758330000,0,30,0,0,1,1,0,4,1,1,0,1,0,0000000,99,99,99,99,99,99,0,0,0,1,0
54,540161,1,1,0,0,0,2,2,1,1781,24,9,2016,7,16,26,0,1,5,1,3,SR-38,,60,39.17642500,-79.913747220000,0,34,0,0,1,1,0,4,1,1,0,1,0,0000000,99,99,99,99,88,88,0,0,0,2,0
54,540162,1,1,0,0,0,1,1,99,1350,24,9,2016,7,21,4,0,2,4,1,3,SR-75,,3,38.35986667,-82.566366670000,0,42,0,0,1,1,0,4,2,1,0,1,0,0000000,88,88,88,88,88,88,0,0,0,1,1
54,540163,1,1,0,1,1,2,2,39,814,24,9,2016,7,22,15,0,2,4,1,2,US-119,GIVENS PARK RD,295,38.43759722,-81.489100000000,0,9,0,0,2,3,0,1,2,1,0,1,0,0000000,22,16,22,30,88,88,16,0,0,1,0
54,540164,1,1,0,0,0,1,1,83,810,24,9,2016,7,15,6,0,1,5,1,4,CR-21,GEORGETOWN RD,98,38.91483333,-79.865716670000,0,1,0,0,1,1,0,1,1,1,0,1,0,0000000,15,14,15,45,15,45,0,0,0,1,0
54,540165,1,1,0,0,0,1,1,49,840,26,9,2016,2,5,0,0,2,4,1,2,US-19,,106,39.48967778,-80.141997220000,0,19,0,0,1,1,0,4,2,1,0,1,0,0000000,99,99,99,99,88,88,0,0,0,1,1
54,540166,1,1,0,0,0,3,3,25,1470,30,9,2016,6,9,38,1,1,1,1,1,I-64,,1655,37.85868333,-80.518030560000,0,35,0,0,1,1,0,4,1,2,0,2,0,0000000,99,99,99,99,99,99,0,0,0,1,0
54,540167,4,4,0,0,0,2,2,61,1840,9,8,2016,3,4,0,1,2,1,1,1,I-79,,1500,39.61442500,-79.991347220000,0,12,1,0,1,1,0,1,2,1,0,1,0,0000000,4,5,4,12,88,88,0,0,0,1,0
54,540168,6,6,0,0,0,10,10,79,2402,16,8,2016,3,15,5,1,2,3,1,1,I-64,,415,38.45579722,-81.886500000000,0,12,2,0,1,1,0,1,1,1,0,1,0,0000000,15,12,15,37,15,39,0,0,0,1,0
54,540169,2,2,0,0,0,2,2,41,2322,19,8,2016,6,21,50,1,1,2,1,1,I-79,,865,38.93918056,-80.541905560000,0,51,0,0,1,1,0,1,2,2,0,2,0,0000000,99,99,99,99,88,88,0,0,0,1,0