STATE,ST_CASE,VE_TOTAL,VE_FORMS,PVH_INVL,PEDS,PERNOTMVIT,PERMVIT,PERSONS,COUNTY,CITY,DAY,MONTH,YEAR,DAY_WEEK,HOUR,MINUTE,NHS,RUR_URB,FUNC_SYS,RD_OWNER,ROUTE,TWAY_ID,TWAY_ID2,MILEPT,LATITUDE,LONGITUD,SP_JUR,HARM_EV,MAN_COLL,RELJCT1,RELJCT2,TYP_INT,WRK_ZONE,REL_ROAD,LGT_COND,WEATHER1,WEATHER2,WEATHER,SCH_BUS,RAIL,NOT_HOUR,NOT_MIN,ARR_HOUR,ARR_MIN,HOSP_HR,HOSP_MN,CF1,CF2,CF3,FATALS,DRUNK_DR
54,540170,2,2,0,0,0,3,3,109,571,20,8,2016,7,16,35,0,1,4,1,3,SR-97,CR-6/2,21,37.58989167,-81.770463890000,0,12,6,0,2,3,0,1,1,1,0,1,0,0000000,16,52,17,20,18,0,0,0,0,1,0
54,540171,2,2,0,0,0,2,2,5,650,26,8,2016,6,6,31,1,1,3,1,2,US-119,,130,38.07089167,-81.844147220000,0,12,1,0,1,1,0,1,4,5,0,5,0,0000000,99,99,99,99,99,99,0,0,0,1,0
54,540172,1,1,0,0,0,1,1,53,1465,3,7,2016,1,0,18,0,1,7,1,4,CR-6,,0,38.96288611,-81.981161110000,0,42,0,0,1,1,0,4,2,1,0,1,0,0000000,99,99,99,99,99,99,0,0,0,1,0
54,540173,1,1,0,1,1,1,1,33,0,4,7,2016,2,3,40,1,2,3,1,2,US-50,,85,39.29690278,-80.205261110000,0,8,0,0,1,1,0,1,2,10,0,10,0,0000000,99,99,99,99,88,88,0,0,0,1,1
54,540174,2,2,0,0,0,2,2,39,480,9,9,2016,6,20,0,1,2,3,1,3,SR-25,20,125,38.37476667,-81.669277780000,0,12,6,0,2,3,0,1,3,1,0,1,0,0000000,99,99,99,99,88,88,0,0,0,1,1
54,540175,2,2,0,0,0,8,8,33,320,9,9,2016,6,18,15,1,2,1,1,1,I-79,,1230,39.32017778,-80.244522220000,0,12,2,0,1,1,0,1,1,1,0,1,0,0000000,99,99,99,99,99,99,0,0,0,3,0
54,540176,2,2,0,0,0,3,3,65,0,16,9,2016,6,16,35,1,1,3,1,3,SR-9,FAIRFAX ST,276,39.62408889,-78.206077780000,0,12,6,0,2,2,0,1,1,1,0,1,0,0000000,16,41,16,46,18,56,0,0,0,1,1
54,540177,2,2,0,0,0,2,2,33,2390,17,9,2016,7,10,59,1,1,3,1,2,US-50,,41,39.28841667,-80.524652780000,0,12,6,0,1,1,0,1,1,2,0,2,0,0000000,11,7,11,14,88,88,0,0,0,1,0
54,540178,2,2,0,0,0,2,2,21,0,19,9,2016,2,14,35,0,1,5,1,3,SR-5,,128,38.93543333,-80.836333330000,0,12,6,0,1,1,0,1,1,1,0,1,0,0000000,99,99,99,99,99,99,0,0,0,1,0
54,540179,2,2,0,0,0,2,2,11,130,23,9,2016,6,17,52,1,2,1,1,1,I-64,,145,38.41679722,-82.345213890000,0,12,1,0,1,1,0,1,1,1,0,1,0,0000000,17,56,18,17,18,27,0,0,0,1,0
54,540180,2,2,0,0,0,2,2,99,1270,24,9,2016,7,18,6,0,2,4,1,3,SR-75,,61,38.32723889,-82.485769440000,0,12,2,0,1,1,0,1,1,1,0,1,0,0000000,99,99,99,99,88,88,0,0,0,1,1
54,540181,2,2,0,0,0,3,3,107,2040,26,9,2016,2,19,49,1,2,3,1,3,SR-95,RAYON DR,55,39.23651944,-81.526966670000,0,12,6,0,2,2,0,1,3,10,0,10,0,0000000,99,99,99,99,99,99,0,0,0,1,0
54,540182,2,2,0,0,0,2,2,3,1307,27,9,2016,3,6,3,1,2,1,1,1,I-81,,80,39.41093889,-78.019538890000,0,12,6,0,1,1,0,1,2,1,0,1,0,0000000,99,99,99,99,99,99,0,0,0,1,0
54,540183,4,2,2,0,0,2,2,53,2150,28,9,2016,4,14,17,1,1,3,1,3,SR-2,JERICHO RD,256,38.84845000,-82.076972220000,0,12,6,0,2,4,0,1,1,1,0,1,0,0000000,99,99,99,99,99,99,0,0,0,1,0
54,540184,2,2,0,0,0,3,3,45,245,28,9,2016,4,7,0,0,1,4,1,3,SR-10,LIMESTONE BRANCH RD,6,38.00847500,-82.046083330000,0,12,6,0,2,3,0,1,1,1,0,1,0,0000000,99,99,99,99,99,99,0,0,0,1,0
54,540185,4,4,0,0,0,4,4,69,0,29,9,2016,5,21,37,1,2,1,1,1,I-70,,90,40.06093056,-80.592969440000,0,12,6,0,1,1,0,1,2,2,0,2,0,0000000,99,99,99,99,99,99,0,0,0,1,0
54,540186,1,1,0,0,0,1,1,77,2350,18,9,2016,1,11,21,0,1,4,1,2,US-50,,184,39.29150000,-79.632875000000,0,1,0,0,1,1,0,1,1,1,0,1,0,0000000,99,99,99,99,88,88,0,0,0,1,0
54,540187,1,1,0,0,0,1,1,21,1050,2,10,2016,1,9,30,0,1,4,1,2,US-33,,160,38.92111111,-80.867219440000,0,42,0,0,1,1,0,4,1,1,0,1,0,0000000,99,99,99,99,88,88,0,0,0,1,1
54,540188,1,1,0,0,0,1,1,65,0,4,10,2016,3,5,5,1,1,3,1,3,SR-9,,256,39.62972778,-78.225683330000,0,30,0,0,1,1,0,4,3,1,0,1,0,0000000,99,99,99,99,99,99,0,0,0,1,0
54,540189,1,1,0,0,0,2,2,43,1742,7,10,2016,6,14,0,0,1,4,1,3,SR-10,,190,38.32811389,-82.227152780000,0,30,0,0,1,1,0,4,1,1,0,1,0,0000000,14,7,15,20,16,15,0,0,0,1,0
54,540190,1,1,0,0,0,1,1,63,2650,8,10,2016,7,17,15,1,1,3,1,2,US-219,,182,37.53870278,-80.598752780000,0,35,0,0,1,1,0,4,1,2,0,2,0,0000000,99,99,99,99,88,88,0,0,0,1,0
54,540191,1,1,0,0,0,2,2,61,1840,14,10,2016,6,21,22,1,2,3,1,1,I-81,,10,39.58253889,-79.957911110000,0,1,0,1,5,1,0,4,3,1,0,1,0,0000000,21,25,21,37,22,30,0,0,0,1,0
54,540192,1,1,0,0,0,1,1,25,1470,26,10,2016,4,13,25,1,2,1,1,1,I-64,,1715,37.80737222,-80.407222220000,0,1,0,0,1,1,0,3,1,1,0,1,0,0000000,99,99,99,99,88,88,0,0,0,1,0
54,540193,1,1,0,0,0,2,2,25,2840,30,10,2016,1,15,55,1,1,1,1,1,I-64,,1740,37.77331389,-80.376358330000,0,23,0,0,1,1,0,3,1,1,0,1,0,0000000,99,99,99,99,99,99,0,0,0,1,1
54,540194,1,1,0,0,0,3,3,47,630,7,10,2016,6,11,30,0,1,4,1,4,CR-14,,15,37.42129722,-81.345791670000,0,34,0,0,1,1,0,4,1,2,0,2,0,0000000,99,99,99,99,88,88,0,0,0,1,0
54,540195,1,1,0,0,0,1,1,71,2653,16,10,2016,1,19,25,0,1,7,1,4,CR-1,,79,38.82423889,-79.192430560000,0,42,0,0,1,1,0,4,2,1,0,1,0,0000000,99,99,99,99,88,88,0,0,0,1,0
54,540196,1,1,0,1,1,1,1,39,480,21,10,2016,6,22,37,0,2,4,1,2,US-60,LEE ST,168,38.35591389,-81.638580560000,0,8,0,0,2,2,0,1,2,10,0,10,0,0000000,99,99,99,99,99,99,0,0,0,1,0
54,540197,1,1,0,0,0,1,1,7,0,25,10,2016,3,6,22,0,1,7,1,4,CR-26,,25,38.77009722,-80.692888890000,0,16,0,0,1,1,0,1,3,5,0,5,0,0000000,99,99,99,99,88,88,0,0,0,1,0
54,540198,1,1,0,0,0,1,1,1,1781,26,10,2016,4,0,40,0,1,5,1,3,SR-38,,60,39.17604167,-79.926019440000,0,1,0,0,1,1,0,1,2,1,0,1,0,0000000,0,40,0,45,88,88,0,0,0,1,1
54,540199,1,1,0,1,1,3,3,19,1970,27,10,2016,5,22,0,1,2,3,1,2,US-19,,90,37.99773889,-81.142597220000,0,8,0,0,5,1,0,1,2,10,0,10,0,0000000,99,99,99,99,88,88,0,0,0,1,0
54,540200,2,2,0,0,0,3,3,91,2438,2,10,2016,1,17,49,0,1,5,1,4,CR-73,WENDEL RD,26,39.26765833,-80.099163890000,0,12,6,0,2,3,0,1,2,1,0,1,0,0000000,99,99,99,99,99,99,0,0,0,1,1
54,540201,2,2,0,0,0,4,4,39,1205,7,10,2016,6,15,54,0,2,4,1,3,SR-94,,48,38.21111944,-81.605527780000,0,12,2,0,1,1,0,1,1,1,0,1,0,0000000,16,2,16,20,16,39,0,0,0,2,1
54,540202,2,2,0,0,0,4,4,107,665,12,10,2016,4,9,20,0,2,6,1,3,SR-47,,75,39.21200556,-81.494741670000,0,12,2,0,1,1,0,1,1,1,0,1,0,0000000,9,30,9,32,10,8,0,0,0,1,0
54,540203,1,1,0,0,0,1,1,77,2590,28,5,2016,7,16,40,0,1,4,1,3,SR-7,,238,39.44189722,-79.534691670000,0,1,0,0,8,1,0,1,1,1,0,1,0,0000000,99,99,99,99,88,88,0,0,0,1,1
54,540204,1,1,0,0,0,1,1,85,0,3,10,2016,2,16,15,0,1,5,1,4,CR-17,,73,39.20588611,-81.157652780000,0,1,0,0,1,1,0,4,7,1,0,1,0,0000000,99,99,99,99,88,88,0,0,0,1,1
54,540205,2,2,0,0,0,2,2,55,260,4,10,2016,3,8,50,0,2,6,1,3,SR-123,,51,37.28628611,-81.216088890000,0,12,2,0,1,1,0,1,1,1,0,1,0,0000000,8,55,8,59,88,88,0,0,0,1,0
54,540206,2,2,0,0,0,3,3,41,1242,12,10,2016,4,15,30,1,2,3,1,2,US-33,GEORGETOWN RD,228,39.00045556,-80.383208330000,0,12,6,0,7,1,0,1,1,1,0,1,0,0000000,99,99,99,99,99,99,0,0,0,1,0
54,540207,2,2,0,0,0,3,3,49,2843,13,10,2016,5,14,25,0,2,4,1,2,US-250,CR-73,29,39.42870833,-80.188347220000,0,12,6,0,2,2,0,1,1,2,0,2,0,0000000,99,99,99,99,99,99,0,0,0,2,1
54,540208,4,4,0,0,0,4,4,37,1345,16,10,2016,1,2,33,0,1,5,1,3,SR-51,,4,39.31748889,-77.984111110000,0,12,2,0,1,1,0,1,2,1,0,1,0,0000000,99,99,99,99,99,99,14,0,0,2,1
54,540209,2,2,0,0,0,4,4,35,2394,16,10,2016,1,16,19,0,1,5,1,4,CR-21,CR-58,274,38.89638056,-81.669316670000,0,12,6,0,2,4,0,1,1,1,0,1,0,0000000,99,99,99,99,99,99,0,0,0,1,0
54,540210,2,2,0,0,0,2,2,37,2418,26,10,2016,4,7,38,0,2,6,1,4,CR-17,CR-22,41,39.33843889,-77.832741670000,0,12,6,0,2,3,0,1,1,1,0,1,0,0000000,7,40,7,46,8,22,0,0,0,1,0
54,540212,12,12,0,0,0,12,12,3,1660,16,6,2016,5,16,50,1,2,1,1,1,I-81,,175,39.50758333,-77.938772220000,0,12,6,0,1,1,0,1,1,2,0,2,0,0000000,16,55,17,5,17,35,19,0,0,1,0
54,540213,1,1,0,0,0,1,1,81,1550,2,11,2016,4,12,16,1,2,1,1,1,I-77,,420,37.76304722,-81.214286110000,0,24,0,1,5,1,0,4,1,1,0,1,0,0000000,99,99,99,99,88,88,0,0,0,1,0
54,540214,1,1,0,0,0,3,3,3,1660,13,11,2016,1,18,33,1,1,3,1,1,I-81,,175,39.50727778,-77.938661110000,0,7,0,0,1,1,0,1,2,1,0,1,0,0000000,99,99,99,99,99,99,0,0,0,1,0
54,540215,1,1,0,1,1,1,1,107,2715,15,11,2016,3,17,55,0,2,4,1,3,SR-68,,122,39.24560833,-81.622266670000,0,8,0,0,1,1,0,1,2,10,0,10,0,0000000,17,57,18,4,18,28,0,0,0,1,0
54,540216,1,1,0,0,0,1,1,47,640,15,11,2016,3,23,40,0,1,4,1,3,SR-16,,76,37.27848611,-81.627613890000,0,1,0,0,1,1,0,4,2,1,0,1,0,0000000,23,50,23,58,0,35,0,0,0,1,0
54,540217,1,1,0,0,0,1,1,11,1270,16,11,2016,4,10,41,0,2,5,1,6,WASHINGTON BLVD,,0,38.40298056,-82.423530560000,0,35,0,0,1,1,0,4,1,1,0,1,0,0000000,99,99,99,99,99,99,0,0,0,1,0
54,540218,1,1,0,0,0,1,1,53,1450,23,11,2016,4,14,0,0,1,7,1,4,CR-33/2,,26,38.70161389,-81.848972220000,0,38,0,0,1,1,0,4,1,1,0,1,0,0000000,14,36,15,12,88,88,0,0,0,1,1
54,540219,1,1,0,0,0,1,1,41,2790,19,11,2016,7,22,30,0,1,7,1,4,CR-22,,71,39.02866389,-80.486133330000,0,30,0,0,1,1,0,4,2,4,0,4,0,0000000,99,99,99,99,88,88,0,0,0,1,0
54,540220,1,1,0,0,0,1,1,37,2420,25,11,2016,6,14,36,0,1,4,1,4,CR-480,,53,39.42640556,-77.815008330000,0,30,0,0,1,1,0,4,1,10,0,10,0,0000000,14,37,14,49,15,28,0,0,0,1,0
54,540221,2,2,0,0,0,3,3,27,2330,2,11,2016,4,13,47,0,1,4,1,2,US-50,,85,39.33322222,-78.742508330000,0,12,6,0,1,1,0,1,1,1,0,1,0,0000000,99,99,99,99,88,88,0,0,0,1,0
54,540222,2,2,0,0,0,3,3,83,240,3,11,2016,5,16,5,1,2,3,1,2,US-219,,347,38.85974444,-79.861447220000,0,12,6,0,8,1,0,1,1,2,0,2,0,0000000,99,99,99,99,99,99,0,0,0,1,0
54,540223,2,2,0,0,0,2,2,49,0,4,11,2016,6,23,11,0,2,4,1,2,US-250,,84,39.48775278,-80.148700000000,0,12,2,0,1,1,0,1,2,1,0,1,0,0000000,23,11,23,14,23,41,0,0,0,1,1
54,540224,2,2,0,0,0,4,4,87,2510,18,11,2016,6,15,3,0,1,4,1,2,US-33,,123,38.79843611,-81.344886110000,0,12,2,0,1,1,0,1,1,1,0,1,0,0000000,99,99,99,99,99,99,0,0,0,1,0
54,540225,2,2,0,0,0,2,2,37,2230,19,11,2016,7,14,13,1,2,3,1,3,SR-9,,44,39.36118611,-77.865258330000,0,12,2,0,1,1,0,1,1,10,0,10,0,0000000,88,88,88,88,88,88,0,0,0,1,0
54,540226,2,2,0,0,0,2,2,77,1890,21,11,2016,2,12,41,0,1,4,1,4,CR-92,,75,39.36479722,-79.849586110000,0,12,2,0,1,1,0,1,1,1,0,1,0,0000000,12,54,13,4,13,31,0,0,0,1,1
54,540227,2,2,0,0,0,2,2,25,1470,27,11,2016,1,12,42,0,2,4,1,2,US-60,,320,37.79390278,-80.427213890000,0,12,2,0,1,1,0,1,1,1,0,1,0,0000000,99,99,99,99,99,99,0,0,0,1,0
54,540228,2,2,0,0,0,4,4,11,0,2,12,2016,6,13,18,1,2,3,1,3,SR-2,,90,38.58513889,-82.254269440000,0,12,2,0,1,1,0,1,1,1,0,1,0,0000000,13,21,13,39,99,99,0,0,0,1,0
54,540229,1,1,0,1,1,1,1,81,170,4,12,2016,1,19,0,0,2,4,1,3,SR-16,,175,37.78937222,-81.185255560000,0,15,0,0,1,1,0,1,3,2,0,2,0,0000000,19,5,19,9,19,36,20,0,0,1,0
54,540230,1,1,0,1,1,1,1,81,170,4,12,2016,1,22,0,0,2,6,1,3,SR-16,,165,37.76575556,-81.202647220000,0,8,0,0,1,1,0,1,2,2,0,2,0,0000000,99,99,99,99,88,88,0,0,0,1,0
54,540231,1,1,0,0,0,1,1,99,940,4,12,2016,1,4,55,1,1,3,1,2,US-52,,291,38.08242778,-82.547111110000,0,24,0,0,1,1,0,4,2,1,0,1,0,0000000,99,98,99,98,88,88,0,0,0,1,1
54,540232,1,1,0,0,0,1,1,55,2180,7,12,2016,4,1,35,0,2,4,1,2,US-19,,128,37.36510833,-81.103144440000,0,39,0,0,1,1,0,4,3,1,0,1,0,0000000,1,40,1,45,88,88,0,0,0,1,1
54,540233,1,1,0,0,0,3,3,53,1180,7,12,2016,4,12,58,1,1,3,1,6,CHESTNUT ST,,13,38.83278333,-82.136116670000,0,30,0,0,1,1,0,4,1,1,0,1,0,0000000,99,99,99,99,99,99,0,0,0,1,0
54,540234,1,1,0,0,0,1,1,27,2414,10,12,2016,7,11,2,0,1,4,1,2,US-50,,134,39.31493889,-78.688730560000,0,35,0,0,1,1,0,4,1,1,0,1,0,0000000,11,2,11,7,11,34,0,0,0,1,0
54,540236,1,1,0,0,0,1,1,69,0,12,12,2016,2,18,46,0,1,5,1,2,US-40,,131,40.10230000,-80.527419440000,0,35,0,0,1,1,0,4,2,1,0,1,0,0000000,18,47,18,57,19,35,0,0,0,1,1
54,540237,2,1,1,1,1,1,1,97,340,5,12,2016,2,9,20,1,1,3,1,2,US-33,,105,38.99603333,-80.245605560000,0,14,0,0,1,1,0,4,1,1,0,1,0,0000000,9,26,9,34,9,50,23,0,0,1,0
54,540238,2,2,0,0,0,2,2,41,1311,5,12,2016,2,18,50,0,1,5,1,2,US-19,,316,39.10526389,-80.408147220000,0,12,2,0,1,1,0,1,2,1,0,1,0,0000000,99,99,99,99,99,99,0,0,0,1,1
54,540239,2,2,0,0,0,4,4,81,170,11,12,2016,1,11,25,0,2,6,1,6,PATCH ST,PLUMLEY AVE,0,37.76267500,-81.171500000000,0,12,6,0,2,2,0,1,1,10,0,10,0,0000000,99,99,99,99,99,99,0,0,0,1,0
54,540240,1,1,0,0,0,2,2,55,1980,14,12,2016,4,18,29,1,1,3,1,2,US-460,,225,37.33932778,-80.971041670000,0,1,0,0,1,1,0,3,2,1,0,1,0,0000000,18,29,18,42,20,6,0,0,0,1,0
54,540241,2,2,0,0,0,4,4,67,2570,15,12,2016,5,12,16,0,1,5,1,3,SR-41,,202,38.28110000,-80.851336110000,0,12,2,0,1,1,0,1,1,1,0,1,0,0000000,12,26,12,34,99,99,0,0,0,1,0
54,540242,1,1,0,1,1,1,1,55,260,17,12,2016,7,17,34,1,2,3,1,2,US-52,,148,37.26619167,-81.241575000000,0,8,0,0,1,1,0,1,2,2,0,2,0,0000000,99,99,99,99,99,99,0,0,0,1,0
54,540243,2,1,1,1,1,7,7,107,2040,17,12,2016,7,1,35,1,1,1,1,1,I-77,,1780,39.29986389,-81.490541670000,0,1,0,0,1,1,0,4,2,3,0,3,0,0000000,1,37,1,48,2,35,19,0,0,1,1
54,540244,1,1,0,0,0,1,1,81,2470,21,12,2016,4,13,20,0,2,4,1,3,SR-16,,111,37.70767500,-81.257147220000,0,42,0,0,1,1,0,5,1,1,0,1,0,0000000,99,99,99,99,88,88,0,0,0,1,0
54,540245,1,1,0,0,0,1,1,101,0,21,12,2016,4,15,0,0,1,6,1,4,CR-26,,30,38.49460278,-80.309152780000,0,42,0,0,1,1,0,4,1,10,0,10,0,0000000,99,99,99,99,99,99,0,0,0,1,1
54,540246,1,1,0,1,1,3,3,41,2790,22,12,2016,5,19,45,1,1,1,1,1,I-79,,990,39.01811667,-80.440786110000,0,8,0,0,1,1,0,1,2,1,0,1,0,0000000,19,46,99,99,88,88,0,0,0,1,0
54,540247,1,1,0,0,0,1,1,27,121,24,12,2016,7,1,42,0,1,5,1,4,CR-7,,60,39.28471944,-78.643330560000,0,35,0,0,1,1,0,4,2,1,0,1,0,0000000,99,98,99,98,88,88,20,0,0,1,1
54,540248,2,2,0,0,0,3,3,3,1170,22,12,2016,5,5,15,0,2,6,1,4,CR-901,,2,39.56064167,-77.984552780000,0,12,2,0,1,1,0,1,2,1,0,1,0,0000000,5,19,5,25,6,3,0,0,0,2,0
54,540249,1,1,0,0,0,1,1,71,950,26,12,2016,2,0,0,0,1,6,1,2,US-33,,328,38.65194167,-79.324375000000,0,38,0,0,1,1,0,4,2,10,0,10,0,0000000,99,99,99,99,88,88,0,0,0,1,0
54,540250,1,1,0,0,0,3,3,15,241,27,12,2016,3,15,29,0,1,5,1,4,CR-16,,122,38.39661944,-81.114888890000,0,1,0,0,1,1,0,1,1,1,0,1,0,0000000,99,99,99,99,99,99,0,0,0,2,0
54,540251,1,1,0,0,0,1,1,67,199,28,12,2016,4,9,23,0,1,5,1,3,SR-16,,13,38.28146111,-81.191561110000,0,38,0,0,1,1,0,4,1,1,0,1,0,0000000,99,99,99,99,88,88,0,0,0,1,0
54,540252,2,2,0,0,0,3,3,43,2760,31,12,2016,7,18,12,0,1,6,1,3,SR-10,,285,38.26361111,-82.205280560000,0,12,2,0,1,1,0,1,2,2,0,2,0,0000000,18,25,18,36,18,55,0,0,0,1,0
54,540253,2,2,0,0,0,2,2,81,170,15,12,2016,5,16,34,0,2,4,1,2,US-19,INDUSTRIAL DR,186,37.81070556,-81.185536110000,0,12,6,0,2,2,0,1,1,1,0,1,0,0000000,99,99,99,99,99,99,0,0,0,1,0
54,540254,1,1,0,0,0,1,1,61,250,29,12,2016,5,14,6,1,1,3,1,3,SR-218,,116,39.71578611,-80.242519440000,0,42,0,0,1,1,0,5,1,1,0,1,0,0000000,99,99,99,99,99,99,0,0,0,1,0